[{"titulo":"asd","articulo":"asd","mas":"asd","collection":"posts","id":1,"active":false,"created_dttm":"2018-4-22 11:14:36"},{"titulo":"a","articulo":"a","mas":"a","collection":"posts","id":2},{"titulo":"aa","articulo":"asd","mas":"ad","collection":"posts","id":3,"active":false,"created_dttm":"2018-4-22 11:21:45"},{"titulo":"a","articulo":"a","mas":"a","collection":"posts","id":4,"active":false,"created_dttm":"2018-4-22 11:22:20"},{"titulo":"a","articulo":"a","mas":"a","collection":"posts","id":5,"active":false,"created_dttm":"2018-4-22 11:25:17"},{"titulo":"asd","articulo":"asd","mas":"asd","collection":"posts","id":6,"active":false,"created_dttm":"2018-4-22 11:27:31"},{"titulo":"b","articulo":"b","mas":"b","collection":"posts","id":7},{"titulo":"asd","articulo":"asd","mas":"asd","collection":"posts","id":8,"active":false,"created_dttm":"2018-4-22 11:40:55"},{"titulo":"htrhh","articulo":"hrehhtr","mas":"thrhrh","collection":"posts","id":9,"active":false,"created_dttm":"2018-4-22 11:43:11"},{"titulo":"e","articulo":"e","mas":"e","collection":"posts","id":10,"active":false,"created_dttm":"2018-4-22 11:56:45"},{"titulo":"h","articulo":"h","mas":"h","collection":"posts","id":11,"active":false,"created_dttm":"2018-4-23 20:39:25"},{"titulo":"asda","articulo":"iasda","mas":"iasdasdasd","collection":"posts","id":12,"active":false,"created_dttm":"2018-4-23 20:40:24"},{"titulo":"asdassdasdasdsd","articulo":"aaaaaaaaaaaaaaaaaaaaaaaaaaaaaad","mas":"ddddddddddddddddddddddd","collection":"posts","id":13,"active":false,"created_dttm":"2018-4-24 11:58:44"},{"titulo":"asdassdasdasdsd","articulo":"aaaaaaaaaaaaaaaaaaaaaaaaaaaaaad","mas":"ddddddddddddddddddddddd","collection":"posts","id":14,"active":false,"created_dttm":"2018-4-24 11:58:49"},{"titulo":"111","articulo":" 111","mas":"111","collection":"posts","id":15,"active":false,"created_dttm":"2018-5-3 16:20:29"},{"titulo":"5","articulo":"5","mas":"5","collection":"posts","id":16,"active":false,"created_dttm":"2018-5-3 16:21:40"},{"titulo":"333","articulo":"333","mas":"333","collection":"posts","id":17,"active":false,"created_dttm":"2018-5-3 16:45:56"},{"titulo":"3333","articulo":" 333","mas":"333","collection":"posts","id":18,"active":false,"created_dttm":"2018-5-3 16:46:14"},{"titulo":"lea","articulo":"lea","mas":"lea","collection":"posts","id":19,"active":false,"created_dttm":"2018-5-3 16:46:29"},{"titulo":"lea1","articulo":"lea1","mas":"lea1","collection":"posts","id":20,"active":false,"created_dttm":"2018-5-3 16:46:57"},{"titulo":"lea","articulo":"lea","mas":"lea","collection":"posts","id":21,"active":false,"created_dttm":"2018-5-3 16:47:00"},{"titulo":"lea","articulo":"lea","mas":"lea","collection":"posts","id":22,"active":false,"created_dttm":"2018-5-3 16:47:26"},{"titulo":"lea","articulo":"lea","mas":"lea","collection":"posts","id":23,"active":false,"created_dttm":"2018-5-3 16:48:32"},{"titulo":"000","articulo":" 000","mas":"00","collection":"posts","id":24,"active":false,"created_dttm":"2018-5-1 21:19:04"},{"titulo":"uuu","articulo":" uuu","mas":"uuu","collection":"posts","id":25,"active":false,"created_dttm":"2018-5-1 21:19:37"},{"titulo":"uuu","articulo":" uuu","mas":"uuu","collection":"posts","id":26,"active":false,"created_dttm":"2018-5-1 21:19:47"},{"titulo":"qq","articulo":" qqq","mas":"qqq","collection":"posts","id":27,"active":false,"created_dttm":"2018-5-1 21:20:23"},{"titulo":"qq","articulo":" qqq","mas":"qqq","collection":"posts","id":28,"active":false,"created_dttm":"2018-5-1 21:20:27"},{"titulo":"","articulo":" ","mas":"","collection":"posts","id":29,"active":false,"created_dttm":"2018-5-5 03:33:52"},{"titulo":"","articulo":" ","mas":"","collection":"posts","id":30,"active":false,"created_dttm":"2018-5-5 03:36:31"},{"titulo":"","articulo":" ","mas":"","collection":"posts","id":31,"active":false,"created_dttm":"2018-5-5 03:37:31"},{"titulo":"hola","articulo":"primero ","mas":"prueba","collection":"posts","id":32,"active":false,"created_dttm":"2018-5-5 13:32:32"},{"titulo":"","articulo":"","mas":"","collection":"posts","id":33,"active":false,"created_dttm":"2018-5-5 13:36:10"},{"titulo":"222","articulo":"222","mas":"222","collection":"posts","id":34,"active":false,"created_dttm":"2018-5-5 13:36:39"},{"titulo":"hgdhgfdgh","articulo":"ddh","mas":"hrtthth","collection":"posts","id":35,"active":false,"created_dttm":"2018-5-5 14:23:35"},{"titulo":"1","articulo":"1","mas":"1","collection":"posts","id":36,"active":true,"created_dttm":"2018-5-5 17:46:33"},{"titulo":"2","articulo":"2","mas":"2","collection":"posts","id":37,"active":true,"created_dttm":"2018-5-5 17:46:37"},{"titulo":"prueba","articulo":"prueba ahora esta funcionando","mas":"3","collection":"posts","id":38,"active":false,"created_dttm":"2018-5-5 17:47:03"},{"titulo":"5","articulo":"5","mas":"5","collection":"posts","id":39,"active":false,"created_dttm":"2018-5-5 19:14:07"},{"titulo":"gsgsggf","articulo":"fgggdggrf","mas":"gsggsgfgf","collection":"posts","id":40,"active":true,"created_dttm":"2018-5-7 12:31:17"},{"titulo":"frewfewrfwer","articulo":"fwffwfwfwe","mas":"fwfweqfwfwqe","collection":"posts","id":41,"active":true,"created_dttm":"2018-5-7 14:39:39"}]