[{"titulo":"asd","articulo":"asd","mas":"asd","collection":"posts","id":1,"active":false,"created_dttm":"2018-4-22 11:14:36"},{"titulo":"a","articulo":"a","mas":"a","collection":"posts","id":2},{"titulo":"aa","articulo":"asd","mas":"ad","collection":"posts","id":3,"active":false,"created_dttm":"2018-4-22 11:21:45"},{"titulo":"a","articulo":"a","mas":"a","collection":"posts","id":4,"active":false,"created_dttm":"2018-4-22 11:22:20"},{"titulo":"a","articulo":"a","mas":"a","collection":"posts","id":5,"active":false,"created_dttm":"2018-4-22 11:25:17"},{"titulo":"asd","articulo":"asd","mas":"asd","collection":"posts","id":6,"active":false,"created_dttm":"2018-4-22 11:27:31"},{"titulo":"b","articulo":"b","mas":"b","collection":"posts","id":7},{"titulo":"asd","articulo":"asd","mas":"asd","collection":"posts","id":8,"active":false,"created_dttm":"2018-4-22 11:40:55"},{"titulo":"g","articulo":"g","mas":"g","collection":"posts","id":9,"active":true,"created_dttm":"2018-4-22 11:43:11"},{"titulo":"f","articulo":"f","mas":"f","collection":"posts","id":10,"active":true,"created_dttm":"2018-4-22 11:56:45"},{"titulo":"h","articulo":"h","mas":"h","collection":"posts","id":11,"active":false,"created_dttm":"2018-4-23 20:39:25"},{"titulo":"asda","articulo":"iasda","mas":"iasdasdasd","collection":"posts","id":12,"active":true,"created_dttm":"2018-4-23 20:40:24"},{"titulo":"asdassdasdasdsd","articulo":"aaaaaaaaaaaaaaaaaaaaaaaaaaaaaad","mas":"ddddddddddddddddddddddd","collection":"posts","id":13,"active":false,"created_dttm":"2018-4-24 11:58:44"},{"titulo":"asdassdasdasdsd","articulo":"aaaaaaaaaaaaaaaaaaaaaaaaaaaaaad","mas":"ddddddddddddddddddddddd","collection":"posts","id":14,"active":false,"created_dttm":"2018-4-24 11:58:49"},{"titulo":"Nuevo post","articulo":"Nuevo articulo","mas":"Nuevo mas","collection":"posts","id":15,"active":true,"created_dttm":"2018-5-14 21:19:24"},{"titulo":"Nuevo post2","articulo":"Nuevo articulo2","mas":"Nuevo mas2","collection":"posts","id":16,"active":true,"created_dttm":"2018-5-15 07:36:19"},{"titulo":"Nuevo post2","articulo":"Nuevo articulo2","mas":"Nuevo mas2","collection":"posts","id":17,"active":true,"created_dttm":"2018-5-15 07:36:28"},{"titulo":"er","articulo":"er","mas":"er","collection":"posts","id":18,"active":true,"created_dttm":"2018-5-21 21:40:04"},{"titulo":"qw","articulo":"qw","mas":"qw","collection":"posts","id":19,"active":true,"created_dttm":"2018-5-22 07:52:26"},{"titulo":"asd","articulo":"asd","mas":"ad","collection":"posts","id":20,"active":true,"created_dttm":"2018-5-22 07:53:56"},{"titulo":"tt","articulo":"tt","mas":"tt","collection":"posts","id":21,"active":false,"created_dttm":"2018-5-22 07:54:14"},{"titulo":"","articulo":"","mas":"","collection":"posts","id":22,"active":false,"created_dttm":"2018-5-22 17:29:11"},{"titulo":"b","articulo":"b","mas":"b","collection":"posts","id":23,"active":false,"created_dttm":"2018-5-22 17:38:18"},{"titulo":"c","articulo":"c","mas":"c","collection":"posts","id":24,"active":false,"created_dttm":"2018-5-22 17:44:11"},{"titulo":"r","articulo":"r","mas":"r","collection":"posts","id":25,"active":true,"created_dttm":"2018-5-22 19:30:22"},{"titulo":"t","articulo":"t","mas":"t","collection":"posts","id":26,"active":false,"created_dttm":"2018-5-22 19:31:59"},{"titulo":"t","articulo":"t","mas":"t","collection":"posts","id":27,"active":true,"created_dttm":"2018-5-22 19:55:21"}]